"field","section","enter","package_field","entry"
"Claim","claim","The conclusion as it will appear in the article; identifier","csdg_claim(id, statement)",""
"Quantity","scope","Computed quantity; fitted model or learner; scale; observed or also perturbed inputs","csdg_claim(quantity)",""
"Model","scope","Fitted model, learner, or learners (names or admission rule)","csdg_claim(model)",""
"Procedure","scope","Resampling, perturbation or reference data, repetitions, aggregation","csdg_claim(procedure); csdg_explanation()",""
"Data","scope","Sample and population, measures, outcome coding, missing values, weights, clustering","csdg_claim(data); csdg_measurement()",""
"Meaning","scope","Model description, population claim, or causal claim","csdg_claim(meaning)",""
"Use","scope","Intended and excluded uses; decisions; users","csdg_claim(use)",""
"Origin","origin","Date; claim and criteria fixed before or after the results; predecessor","csdg_claim(provenance)",""
"Gates","gates","Required gates with reasons; gates not required with reasons","csdg_gate_plan()",""
"Evidence 1 (claim's own content)","evidence","Gate; property; criterion, its source, and when it was fixed; observation; relevance (varied, held fixed, same quantity?); status","csdg_evidence_record(gate_id, required_property, criterion, criterion_source, criterion_rationale, observation, relevance_to_proposition, status)",""
"Evidence 2, 3, ...","evidence","As above, one entry per required property","csdg_evidence_record()",""
"Other evidence","other_evidence","Established counterevidence and unresolved threats, each with its property; context","csdg_evidence_record(role)",""
"Assessment","assessment","Met, not met, or unresolved; exploratory?; rationale","csdg_adjudicate_claim()$assessment",""
"Reported claim","reported_claim","Retained, revised, or withheld; wording in the article","csdg_adjudicate_claim()$decision_options",""
"Revision","revision","Predecessor; weakening, restriction without entailment, or change of question; rationale","csdg_claim_revision(); csdg_claim_relation(revision_kind)",""
